title,english_title,type,episodes,duration,source,season,genres,tags,score,start_date,country_of_origin
ONE PIECE,ONE PIECE,TV,1180.0,24.0,MANGA,FALL,Action;Adventure;Comedy;Drama;Fantasy,Pirates;Travel;Shounen;Ensemble Cast;Super Power;Found Family;Male Protagonist;Tragedy;Conspiracy;Ships;Prophecy;Slapstick;Politics;Time Skip;Royal Affairs;War;Dystopian;Slavery;Fugitive;Gods;Crime;Lost Civilization;Swordplay;Henshin;Cyborg;Monster Boy;Anti-Hero;Primarily Adult Cast;Shapeshifting;Philosophy;Food;Robots;Animals;Anthropomorphism;Skeleton;Desert;Anachronism;Guns;Post-Apocalyptic;Prison;Medicine;Samurai;Espionage;Indigenous Cultures;Drugs;Artificial Intelligence;Marriage;Aromantic;Revenge;Kuudere;Fairy;Monster Girl;Dragons;Assassins;Battle Royale;Demons;Adoption;Ninja;Mermaid;Dinosaurs;Kabuki;Kaiju;Angels;Time Manipulation;Clone;Zombie;Arranged Marriage;Blackmail;Gender Bending;Unrequited Love;Trains;Human Experimentation;Interspecies;Fake Relationship;Brainwashing,87.0,1999-10-20,JP
Nonohara Yuka no Himitsu no Haishin,,OVA,1.0,16.0,OTHER,WINTER,Hentai,Filmmaking;Female Protagonist;Sex Toys;Masturbation;Large Breasts;Drugs;Boobjob;Nakadashi;Fellatio,67.0,2025-02-28,JP
Shiranai Koto Shiritai no? The Animation,,OVA,1.0,20.0,MANGA,WINTER,Hentai,Large Breasts;Nakadashi;Fellatio,65.0,2025-02-28,JP
Hametsu no Yuuwaku,,OVA,1.0,20.0,ORIGINAL,WINTER,Hentai,Inseki;Teacher;Public Sex;School;Cunnilingus;Masturbation;Squirting;Nudity;Trains,56.0,2025-03-28,JP
Immoral Routine The Animation,,OVA,1.0,30.0,MANGA,WINTER,Hentai,Masturbation;Public Sex;School;Heterosexual;Sex Toys,71.0,2025-03-28,JP
Ajin ga Osuki nan desu ne♡,,OVA,1.0,20.0,MANGA,WINTER,Hentai,Heterosexual;Episodic;Ahegao;Anthology;Fellatio;Female Protagonist;Large Breasts;Nakadashi;Nudity;Primarily Adult Cast,60.0,2025-03-28,JP
Koupen-chan,,TV_SHORT,79.0,2.0,ORIGINAL,SPRING,Slice of Life,Iyashikei;Animals;Primarily Animal Cast;Chibi;Episodic;Agender;Educational,69.0,2025-04-06,JP
Yu-Gi-Oh! CARD GAME: THE CHRONICLES,Yu-Gi-Oh! CARD GAME: THE CHRONICLES,ONA,1.0,7.0,OTHER,SPRING,Action;Fantasy,Episodic;Card Battle;Advertisement;Female Protagonist;Super Robot;Real Robot;Shapeshifting;Anthropomorphism;Travel;Nekomimi,59.0,2025-04-21,JP
Amai Ijiwaru,,OVA,1.0,24.0,ORIGINAL,SPRING,Hentai,,56.0,2025-04-25,JP
Fuuki Iin to Fuuzoku Katsudou,,OVA,1.0,16.0,OTHER,SPRING,Hentai,School;Large Breasts;Tanned Skin;Female Protagonist;Male Protagonist;Boobjob;Fellatio;Nakadashi,71.0,2025-04-25,JP
Boku no Risou no Isekai Seikatsu,,OVA,1.0,16.0,OTHER,SPRING,Hentai,Kemonomimi;Isekai;Female Harem;Nekomimi;Flat Chest;Slavery;Sumata;Bisexual;LGBTQ+ Themes;Monster Boy,66.0,2025-05-02,JP
Inshoku-Ou Demar,,OVA,1.0,30.0,ORIGINAL,SPRING,Hentai,Tentacles;Rape;Fellatio;Double Penetration;Monster Boy,54.0,2025-05-30,JP
Kuro Gal A La Carte,,OVA,1.0,20.0,MANGA,SPRING,Hentai;Romance,Tanned Skin;Gyaru;Fellatio;Virginity;Teens' Love;Mating Press;Nakadashi,61.0,2025-06-06,JP
Princess Burst!: Kiken-bi no Tanetsuke Haramase Shuuchi Battle!,,OVA,1.0,,VIDEO_GAME,SPRING,Hentai,Nudity;Rape;Wrestling,52.0,2025-06-27,JP
Kanojo ga Separate wo Matou Riyuu,,ONA,1.0,13.0,MANGA,SUMMER,Hentai,Nakadashi;Masturbation,53.0,2025-07-04,JP
Immoral Game Master THE ANIMATION,,OVA,1.0,20.0,MANGA,SUMMER,Adventure;Fantasy;Hentai,Virtual World;Anal Sex;Rape;Large Breasts;Prostitution;Tentacles;School;Cervix Penetration,61.0,2025-07-25,JP
Kyou wa Yubiwa wo Hazusu kara......,,OVA,1.0,20.0,ORIGINAL,SUMMER,Hentai,,50.0,2025-07-25,JP
Purepure Peropero Princess,,OVA,1.0,,VISUAL_NOVEL,SUMMER,Hentai,Isekai;Matriarchy;Medieval;Nakadashi;Oyakodon;Fellatio;Squirting;Boobjob;Handjob;Group Sex,59.0,2025-08-29,JP
Mujin Eki The Animation,,OVA,1.0,20.0,OTHER,SUMMER,Hentai,Rape;Blackmail;Trains,58.0,2025-08-29,JP
Shachiku Cinderella,,OVA,1.0,,ORIGINAL,SUMMER,Hentai,,55.0,2025-08-29,JP
Koushoku no Chuugi Kunoichi Botan,,OVA,1.0,20.0,OTHER,SUMMER,Hentai,Flat Chest;Netorare;Ninja;Nakadashi,56.0,2025-08-29,JP
Inpuru-kun no Sonzai Shinai Oshigoto,,ONA,1.0,3.0,OTHER,FALL,Comedy,,,2025-09-01,JP
Korette Naani?,,OVA,1.0,,ORIGINAL,SUMMER,Hentai,MILF,58.0,2025-09-26,JP
Kiken na Mori Onigokko,,OVA,1.0,,OTHER,SUMMER,Hentai,,46.0,2025-09-26,JP
Sister Breeder,,OVA,4.0,20.0,MANGA,FALL,Hentai,Inseki;Incest;Nakadashi;Anal Sex;Sex Toys;Heterosexual;Fellatio;LGBTQ+ Themes;Bisexual,71.0,2025-09-26,JP
Choro Mesu Days,,OVA,1.0,,MANGA,FALL,Hentai,Large Breasts;Incest;Boobjob;Inseki;Fellatio;Masturbation;Nakadashi;POV;Male Protagonist;Female Protagonist,66.0,2025-10-17,JP
Honey Blonde 2,,OVA,1.0,20.0,MANGA,FALL,Hentai,,60.0,2025-10-24,JP
Reika wa Karei na Boku no Joou THE ANIMATION,,OVA,1.0,20.0,MANGA,FALL,Hentai,Nakadashi;Maids;Ashikoki;Femdom;Feet;LGBTQ+ Themes;Bisexual,72.0,2025-10-24,JP
Natsuzuma,,OVA,1.0,16.0,OTHER,FALL,Hentai,MILF;Large Breasts;Blackmail;Threesome;Cheating;Netori;Fellatio;Facial;Nakadashi;Netorare,66.0,2025-10-31,JP
Seikon no Aria,,OVA,1.0,,VIDEO_GAME,FALL,Hentai,Nun;Fellatio,56.0,2025-10-31,JP
Nagachichi Nagai-san THE ANIMATION,,OVA,1.0,20.0,OTHER,FALL,Hentai,Acrobatics;Nudity;Large Breasts;DILF;Irrumatio;Nakadashi;Mating Press;Boobjob;Ahegao,57.0,2025-11-28,JP
Oshikake! Bakunyuu Gal Harem Seikatsu,,OVA,1.0,16.0,OTHER,FALL,Hentai,Gyaru;Female Harem;Nakadashi;Group Sex;Boobjob;Fellatio;Femdom;Cunnilingus;Mating Press;Tanned Skin,69.0,2025-11-28,JP
Do S na Pet,,OVA,1.0,,ORIGINAL,FALL,Hentai,Human Pet;Large Breasts;Nakadashi;Fellatio;Cunnilingus;Ahegao;Blackmail;Defloration;School;LGBTQ+ Themes,54.0,2025-11-28,JP
Natsu to Hako,,OVA,1.0,,MANGA,FALL,Hentai,Public Sex;Nudity;Outdoor Activities;Mating Press;Large Breasts;Handjob;Nakadashi;Ashikoki;Sweat;Primarily Teen Cast,67.0,2025-12-05,JP
mofusand,,ONA,40.0,1.0,ORIGINAL,WINTER,Slice of Life,Iyashikei;Animals;Primarily Animal Cast;No Dialogue;Episodic;Full CGI;Family Life;Adoption;Drugs,61.0,2025-12-22,JP
Cool de M,,OVA,1.0,,ORIGINAL,FALL,Hentai,,57.0,2025-12-26,JP
Seihou Shouka Saint Lime VN: VeasTube Eroero Haishin Edition♪,,OVA,1.0,,OTHER,FALL,Hentai,,49.0,2025-12-26,JP
Zeztz Anime: Dream Arbeiter Baku,,ONA,1.0,7.0,OTHER,FALL,Comedy,Male Protagonist;Tokusatsu;Chibi;Primarily Adult Cast;Ensemble Cast,,2025-12-28,JP
Seikou Senki Pony Celes,,OVA,1.0,,OTHER,WINTER,Hentai,Female Protagonist;Rape;Large Breasts;Henshin;Nakadashi;Vore;Tentacles;School;Magic,47.0,2026-01-30,JP
Onee-chan Gokko,Playing Sister,ONA,3.0,25.0,ORIGINAL,WINTER,Mystery;Psychological;Supernatural;Thriller,Female Protagonist;Clone;Urban Fantasy;Monster Girl;Denpa;Disability;Mythology;Family Life;Rural;Primarily Female Cast,65.0,2026-01-31,JP
Meitantei Precure!,Star Detective Precure!,TV,51.0,24.0,ORIGINAL,WINTER,Mahou Shoujo;Mystery,Female Protagonist;Henshin;Primarily Child Cast;Kids;Detective;Primarily Female Cast;Amnesia;Urban Fantasy;Fairy;Coastal,76.0,2026-02-01,JP
Yani Neko Mini,,ONA,1.0,1.0,MANGA,WINTER,Comedy,Chibi;Nekomimi;Female Protagonist;Drugs,57.0,2026-02-22,JP
Kenki Virgo,,OVA,1.0,,OTHER,WINTER,Hentai,Rape;Large Breasts;Nakadashi;DILF;Mating Press;Handjob;Interspecies;Prostitution;Ahegao;Succubus,51.0,2026-02-27,JP
L'amour fou de l'automate,,OVA,1.0,,ORIGINAL,WINTER,Hentai,,56.0,2026-02-27,JP
"Mou Ichido, Shitemitai.",,OVA,1.0,,MANGA,WINTER,Hentai,Office;Nakadashi;Mating Press;Fellatio;Masturbation;Tsundere;Office Lady,70.0,2026-02-27,JP
Phantom Alchemia: Sylvia no Dokidoki Sakusei Toshi Keikaku,,OVA,1.0,,OTHER,WINTER,Fantasy;Hentai,Heterosexual;Nudity;Rape;Virginity,53.0,2026-03-27,JP
Hebi to Kumo,,OVA,1.0,,OTHER,WINTER,Hentai,Nakadashi;Fellatio;Cunnilingus;Office Lady;Irrumatio;Masturbation;Ashikoki;Nudity,58.0,2026-03-27,JP
Chibi Godzilla no Gyakushuu Season 4,Chibi Godzilla Raids Again Season 4,TV_SHORT,14.0,3.0,OTHER,SPRING,Comedy;Fantasy,,,2026-04-01,JP
Rilakkuma,RILAKKUMA,TV_SHORT,27.0,1.0,OTHER,SPRING,Fantasy;Slice of Life,Animals,62.0,2026-04-04,JP
Oshiri Dandy the Young,,TV,1.0,,OTHER,SPRING,,,,2026-04-04,JP
Onegai AiPri,,TV,27.0,,OTHER,SPRING,Music,Idol;Primarily Female Cast;Female Protagonist;Primarily Teen Cast;Advertisement;Kids;Cute Girls Doing Cute Things;Henshin;CGI;Virtual World,55.0,2026-04-05,JP
Shou 3 Ashibe QQ Goma-chan,,TV_SHORT,1.0,,MANGA,SPRING,Comedy;Slice of Life,,,2026-04-12,JP
Odekake Kozame Season 2,Little Shark's Day Out Season 2,TV_SHORT,72.0,2.0,MANGA,SPRING,Slice of Life,Animals;Primarily Animal Cast;Iyashikei,,2026-04-12,JP
Todo no Tsumari,,OVA,1.0,,ORIGINAL,SPRING,Hentai,Fellatio;Public Sex;Nakadashi;Rape;Large Breasts,53.0,2026-04-24,JP
Otaku no Boku ga Ichigun Gal to Tsukiaeru Made no Hanashi,,ONA,1.0,,OTHER,SPRING,Hentai,Male Protagonist;Gyaru;Fellatio;Anal Sex;Femdom;Virginity;Large Breasts;Mating Press,59.0,2026-04-29,JP
Looney Tunes Gokko,,TV_SHORT,1.0,1.0,ORIGINAL,SPRING,Comedy,Primarily Animal Cast;Animals;No Dialogue;Slapstick;Anthropomorphism,,2026-04-30,JP
Transformers: Wild King W,,ONA,1.0,4.0,OTHER,SPRING,Action;Mecha;Sci-Fi,Shapeshifting;Super Robot;Full CGI,,2026-05-20,JP
Paihame Kazoku,,OVA,1.0,16.0,OTHER,SPRING,Hentai,Large Breasts;Rape;Boobjob;Nakadashi;Ahegao;Mating Press;Asphyxiation;Otaku Culture;MILF;DILF,53.0,2026-05-29,JP
Seishidouin no Oshigoto The Animation,,OVA,1.0,,OTHER,SPRING,Hentai,Nudity,54.0,2026-05-29,JP
Muchuu no Tou,,OVA,1.0,,OTHER,SPRING,Hentai,,46.0,2026-05-29,JP
Heart Mark Oome.,,OVA,1.0,16.0,MANGA,SPRING,Hentai,Inseki;Gyaru;LGBTQ+ Themes;Bisexual;Incest,67.0,2026-05-29,JP
Nuki Nuki ♡ Zupposism,,OVA,1.0,20.0,MANGA,SPRING,Hentai,Interspecies;Large Breasts;Oyakodon;Nakadashi;Elf;Mating Press;Boobjob;Fellatio;MILF,56.0,2026-06-12,JP
Pie no Mi: Oshi no Mori e Youkoso!,,ONA,8.0,2.0,OTHER,SUMMER,Comedy,Primarily Animal Cast;Food;Advertisement;Animals;Ensemble Cast,,2026-06-22,JP
Furachi,,OVA,2.0,16.0,OTHER,SPRING,Hentai,Voyeur;Large Breasts;Sex Toys;Armpits;Femdom;Fingering;Handjob;Masturbation;Nudity;Nakadashi,66.0,2026-06-26,JP
Kare no Shiranai Himitsu wo Irete. The Animation,,OVA,1.0,30.0,OTHER,SPRING,Hentai,Netorare;Blackmail;Nakadashi;Fellatio;Boobjob,53.0,2026-06-26,JP
Hamehara,,OVA,1.0,,ORIGINAL,SPRING,Hentai,,,2026-06-26,JP
Chikyuu Daisuki! Kikkun,,TV_SHORT,52.0,2.0,ORIGINAL,SUMMER,Sci-Fi,,,2026-07-01,JP
Tsuihou Sareta Tensei Juukishi wa Game Chishiki de Musou Suru,The Exiled Heavy Knight Knows How to Game the System,TV,26.0,24.0,MANGA,SUMMER,Action;Fantasy,CGI;Exiled;Isekai;Male Protagonist;Class Struggle;Dungeon;Swordplay;Gore;Magic;Estranged Family,68.0,2026-07-03,JP
Juurin Oukoku: Elf Oukoku wa Kyodai Naedoko ni,,OVA,2.0,30.0,VISUAL_NOVEL,SUMMER,Fantasy;Hentai,Elf;Fellatio;Double Penetration;Rape;Interspecies,,2026-07-03,JP
Pan no Akachan (TV),,TV_SHORT,15.0,2.0,ORIGINAL,SUMMER,Comedy,Stop Motion;Anthropomorphism;Food;Chibi;Restaurant;Iyashikei;No Dialogue,,2026-07-04,JP
Uchi no Otouto-domo ga Sumimasen,Please Excuse My Younger Brothers,TV,24.0,24.0,MANGA,SUMMER,Comedy;Romance;Slice of Life,Shoujo;Family Life;Heterosexual;Female Protagonist;Inseki;Male Harem;School;Crossdressing;Urban,68.0,2026-07-04,JP
Hokuto no Ken: Kenou-gun Zako-tachi no Banka Part 2,,TV_SHORT,1.0,4.0,MANGA,SUMMER,Comedy,Flash,,2026-07-06,JP
Sora wa Akai Kawa no Hotori,Red River,TV,24.0,23.0,MANGA,SUMMER,Action;Adventure;Drama;Fantasy;Romance,Female Protagonist;Shoujo;Politics;Royal Affairs;Historical;Magic;Isekai;Swordplay;Kingdom Management;Heterosexual,61.0,2026-07-08,JP
Yami Shibai 17,Theatre of Darkness: Yamishibai 17,TV_SHORT,1.0,,ORIGINAL,SUMMER,Horror;Supernatural,Episodic,,2026-07-13,JP
BLEACH: Sennen Kessen-hen - Kashin-tan,BLEACH: Thousand-Year Blood War - The Calamity,TV,10.0,,MANGA,SUMMER,Action;Adventure;Supernatural,Shounen;Male Protagonist;Gods;Ensemble Cast;Swordplay;War;Super Power;Urban Fantasy;Memory Manipulation;Gore,89.0,2026-07-25,JP
Harem-tou e Youkoso!,,OVA,1.0,,VISUAL_NOVEL,SUMMER,Hentai,Female Harem,51.0,2026-07-31,JP
Inaka ni wa Kore Kurai Shika Goraku ga nai,,OVA,1.0,16.0,OTHER,SUMMER,Hentai,Heterosexual;Teacher;Large Breasts;Male Protagonist;Threesome;Nakadashi;Defloration;LGBTQ+ Themes;Bisexual;Yuri,66.0,2026-07-31,JP
Fate/Grand Order: Fujimaru Ritsuka wa Wakaranai Season 4,,ONA,1.0,2.0,MANGA,SUMMER,Comedy,,,2026-08-07,JP
Kanojo Saimin,,OVA,1.0,,OTHER,SUMMER,Hentai,Memory Manipulation,61.0,2026-08-28,JP
Sare Tsuma wa Ubawaretai,,OVA,1.0,,ORIGINAL,SUMMER,Hentai,,,2026-08-28,JP
Matsuken Anime: Kore Seibaishite mo Ii desu ka?,,ONA,1.0,2.0,OTHER,SUMMER,Music,Male Protagonist;Chibi;Flash,,2026-08-29,JP
Ghost Meets Gal!,,TV_SHORT,6.0,2.0,MANGA,SUMMER,Comedy;Fantasy,Gyaru;Ghost;Primarily Female Cast;Idol,53.0,2026-09-05,JP
Muramata-san no Aijou,,OVA,3.0,20.0,MANGA,SUMMER,Hentai,,,2026-09-11,JP
Netorareta Bakunyuu Tsuma-tachi 2,,OVA,2.0,20.0,MANGA,SUMMER,Hentai,,,2026-09-18,JP
NTR Kishi,,OVA,1.0,,OTHER,SUMMER,Hentai,,,2026-09-25,JP
Oushun Jogakuen no Danyuu,,ONA,1.0,,OTHER,SUMMER,Hentai,,,2026-09-25,JP
Mujikaku na Osananajimi to Kyoumi Honi de Yatte Mitara THE ANIMATION,,OVA,2.0,20.0,MANGA,SUMMER,Hentai,,,2026-09-25,JP
JoJo no Kimyou na Bouken: Steel Ball Run - 2nd & 3rd STAGE,STEEL BALL RUN JoJo's Bizarre Adventure 2nd - 3rd STAGE,ONA,11.0,,MANGA,FALL,Action;Adventure;Drama;Mystery;Supernatural,Desert;Cowboys;Male Protagonist;Disability;Foreign;Travel;Super Power;Primarily Male Cast;Boys' Love;Primarily Adult Cast,85.0,2026-09-25,JP
Yasei no Last Boss ga Arawareta! 2nd Season,A Wild Last Boss Appeared! Season 2,ONA,2.0,24.0,LIGHT_NOVEL,FALL,Action;Adventure;Fantasy,Isekai;Magic;Gender Bending;Female Protagonist;Virtual World,72.0,2026-09-26,JP
Koneko no Haitatsuin Uunyan (2026),Delivery Kitten Unyan (2026),ONA,3.0,3.0,ORIGINAL,FALL,Slice of Life,Urban;Anthropomorphism;Primarily Animal Cast;Animals;Artificial Intelligence;Kids;Nekomimi;Male Protagonist,,2026-09-27,JP
Umayuru: Full Gate!,,ONA,26.0,3.0,VIDEO_GAME,FALL,Comedy;Slice of Life,Chibi;Primarily Female Cast;Kemonomimi;Female Protagonist;Cute Girls Doing Cute Things;Athletics;Idol;Food,65.0,2026-09-27,JP
"Magical★Explorer: Eroge no Yuujin Chara ni Tensei Shitakedo, Game Chishiki Tsukatte Jiyuu ni Ikiru",Magical Explorer,ONA,13.0,24.0,LIGHT_NOVEL,FALL,Action;Adventure;Ecchi;Fantasy;Romance,Heterosexual;Magic;Isekai;Female Harem;Nudity;Male Protagonist;Cohabitation;Adoption;School;Maids,69.0,2026-09-27,JP
Tempal: Item no Chikara,Overgeared,ONA,12.0,24.0,MANGA,FALL,Action;Adventure;Comedy;Fantasy,Virtual World;Male Protagonist;Video Games;Slapstick;Shounen;Magic;E-Sports;Primarily Adult Cast;Swordplay,75.0,2026-09-27,JP
"Tensei Kizoku, Kantei Skill de Nariagaru 3rd Season","As a Reincarnated Aristocrat, I'll Use My Appraisal Skill to Rise in the World Season 3",TV,2.0,24.0,LIGHT_NOVEL,FALL,Adventure;Fantasy,Kingdom Management;Isekai;Yandere;Medieval;Age Regression;Orphan,71.0,2026-09-27,JP
PetitCure: Precure Fairies Season 4,,ONA,2.0,1.0,ORIGINAL,FALL,Fantasy;Slice of Life,Fairy;Crossover;Kids;Magic;Chibi;Primarily Animal Cast;Animals;No Dialogue,,2026-10-01,JP
Shin Tennis no Ouji-sama: U-17 WORLD CUP Kesshou Member Ketteisen,The Prince of Tennis II U-17 WORLD CUP: Final Member Selection Match,TV,2.0,24.0,MANGA,FALL,Action;Comedy;Sports,Tennis;Shounen;Primarily Male Cast;Male Protagonist;Ensemble Cast;Foreign;Primarily Teen Cast,,2026-10-01,JP
FX Senshi Kurumi-chan,FX Fighter Kurumi-chan,TV,12.0,24.0,MANGA,FALL,Drama;Slice of Life,Female Protagonist;Economics;Gambling;Denpa;Primarily Female Cast;Seinen;Educational;Primarily Adult Cast;Work;Suicide,69.0,2026-10-01,JP
Koori no Jouheki 2nd Season,The Ramparts of Ice Season 2,TV,2.0,25.0,MANGA,FALL,Comedy;Drama;Romance;Slice of Life,School;Heterosexual;Shoujo;Love Triangle;Coming of Age;Primarily Teen Cast;Female Protagonist;Ensemble Cast;Male Protagonist;Kuudere,81.0,2026-10-01,JP
Tensei Shitara Ken Deshita 2nd Season,Reincarnated as a Sword Season 2,ONA,12.0,23.0,LIGHT_NOVEL,FALL,Action;Adventure;Fantasy,Female Protagonist;Magic;Nekomimi;Swordplay;Kemonomimi;Ships;Male Protagonist;Isekai;Medieval;Cute Girls Doing Cute Things,75.0,2026-10-01,JP
Aoki Denshou: Welsh & Shedar,Welsh & Shedar,TV,12.0,23.0,ORIGINAL,FALL,Adventure;Fantasy,Prophecy;Food;Magic;Male Protagonist;Dragons;Medieval,,2026-10-02,JP
Mazenchu,,TV_SHORT,2.0,,OTHER,FALL,Slice of Life,Anthropomorphism;Food,,2026-10-02,JP
Kusuriya no Hitorigoto 3rd Season,The Apothecary Diaries Season 3,TV,12.0,24.0,LIGHT_NOVEL,FALL,Drama;Mystery,Medicine;Female Protagonist;Politics;Ancient China;Detective;Royal Affairs;Historical;Heterosexual;Seinen;Class Struggle,85.0,2026-10-02,JP
Kizu darake Seijo yori Houfuku wo Komete Season2,"With Vengeance, Sincerely, Your Broken Saintess Season 2",TV_SHORT,2.0,13.0,MANGA,FALL,Fantasy;Romance,Flash,54.0,2026-10-02,JP
Tougen Anki: Nikko・Kegon no Taki-hen,TOUGEN ANKI: Nikko Kegon Falls Arc,TV,12.0,24.0,MANGA,FALL,Action;Mystery;Supernatural,Shounen;Demons;Guns;Revenge;Urban Fantasy;CGI,71.0,2026-10-02,JP
Pan Dorobou,,TV_SHORT,2.0,9.0,OTHER,FALL,Comedy,Crime;Food;Kids;Animals;Primarily Animal Cast;Anthropomorphism;Surreal Comedy,,2026-10-02,JP
#Zombie Sagashitemasu,#I'm Looking For a Zombie,TV,12.0,23.0,MANGA,FALL,Action;Comedy;Horror;Mystery;Supernatural,Zombie;Post-Apocalyptic;Survival;Travel;Female Protagonist;Cute Girls Doing Cute Things;Urban;Primarily Female Cast;Shounen;Tomboy,60.0,2026-10-03,JP
Marronnier Oukoku no Shichinin no Kishi,The Seven Knights of the Marronnier Kingdom,TV,20.0,25.0,MANGA,FALL,Comedy;Fantasy;Romance,Josei;Cute Boys Doing Cute Things;Politics;Medieval;Male Protagonist;Royal Affairs;Swordplay;Male Harem;Crossdressing;Female Protagonist,62.0,2026-10-03,JP
Romelia Senki: Maou wo Taoshita nochi mo Jinrui Yabasou dakara Guntai Soshiki Shita,Romelia War Chronicle,ONA,1.0,24.0,LIGHT_NOVEL,FALL,Adventure;Drama;Fantasy,Female Protagonist;Shounen;Villainess;Exiled;Politics;Military;Royal Affairs;Economics,68.0,2026-10-03,JP
Vertex Force,VERTEX FORCE,TV,1.0,24.0,ORIGINAL,FALL,Action;Mecha,Coastal;Aliens;Robots;Super Robot;Female Protagonist;Full CGI;Male Protagonist;Urban Fantasy;Primarily Female Cast;Tokusatsu,55.0,2026-10-03,JP
"Tensei shita Dai Seijo wa, Seijo de Aru Koto wo Hita Kakusu",A Tale of the Secret Saint,ONA,2.0,24.0,LIGHT_NOVEL,FALL,Action;Adventure;Fantasy,Female Protagonist;Dragons;Magic;CGI;Shounen,67.0,2026-10-03,JP
Gensou Suikoden,,TV,23.0,,VIDEO_GAME,FALL,Action;Adventure;Fantasy,War;Magic;Shounen;Super Power;Swordplay;Male Protagonist,61.0,2026-10-03,JP
Keroro Gunsou☆,KERORO☆,TV,2.0,24.0,MANGA,FALL,Comedy;Sci-Fi,Shounen;Aliens;Ensemble Cast;Space;Meta;Parody;Episodic;Otaku Culture;Ninja;Military,56.0,2026-10-03,JP
Tokyo Revengers: Santen Sensou-hen,Tokyo Revengers: War of the Three Titans Arc,TV,13.0,,MANGA,FALL,Action;Drama;Romance;Supernatural,Delinquents;Gangs;Shounen;Suicide;Urban;Male Protagonist;Primarily Male Cast;Mafia;Crime;Twins,76.0,2026-10-03,JP
Nezumi-kun no Chokki (TV) 2nd Season,,TV_SHORT,2.0,,OTHER,FALL,Fantasy,Kids;Animals;Anthropomorphism,,2026-10-03,JP
Black Clover 2nd Season,Black Clover Season 2,TV,1.0,24.0,MANGA,FALL,Action;Adventure;Comedy;Fantasy,Magic;Male Protagonist;Shounen;Demons;Rescue;War;Medieval,86.0,2026-10-03,JP
Sirotan,,TV,2.0,,OTHER,FALL,,,,2026-10-03,JP
"Mezametara Saikyou Soubi to Uchuusen-mochi datta node, Ikkodate Mezashite Youhei to shite Jiyuu ni Ikitai",Reborn as a Space Mercenary: I Woke Up Piloting the Strongest Starship!,TV,1.0,24.0,LIGHT_NOVEL,FALL,Action;Comedy;Drama;Mecha;Romance;Sci-Fi,Isekai;Female Harem;Space;Heterosexual;Space Opera;Elf;Seinen;Guns,68.0,2026-10-04,JP
Punirunes Puni 4,,TV_SHORT,1.0,12.0,VIDEO_GAME,FALL,Slice of Life,Kids;Full CGI;School,,2026-10-04,JP
"Yowaki MAX Reijou Nano ni, Ratsuwan Konyakusha-sama no Kake ni Notte Shimatta","Even Though I'm a Super Timid Noble Girl, I Accepted the Bet From My Cunning Fiancé",TV,12.0,24.0,LIGHT_NOVEL,FALL,Comedy;Fantasy;Romance,Female Protagonist;Isekai;Villainess;Heterosexual;Shoujo,67.0,2026-10-04,JP
Tanuki to Kitsune (TV),Raccoon Dog & Fox,TV_SHORT,1.0,2.0,MANGA,FALL,Comedy,Primarily Animal Cast,,2026-10-04,JP
Seitokai ni mo Ana wa Aru!,Even the Student Council Has Its Holes!,TV,12.0,24.0,MANGA,FALL,Comedy;Ecchi;Slice of Life,School Club;Slapstick;School;Primarily Teen Cast;Nudity;Female Protagonist;Mixed Gender Harem;Femboy;Male Protagonist;Shounen,73.0,2026-10-04,JP
Oji-san wa Kawaii Mono ga Osuki.,Uncle's Obsession with Cute Things,TV,12.0,24.0,MANGA,FALL,Comedy;Slice of Life,Male Protagonist;Iyashikei;Shoujo;Work;Office;Cute Boys Doing Cute Things;Primarily Adult Cast;Urban;Animals;Family Life,60.0,2026-10-04,JP
Pop Pap Polters,,TV_SHORT,1.0,3.0,ORIGINAL,FALL,Slice of Life,Stop Motion,,2026-10-04,JP
Hotel Inhumans 2nd Season,HOTEL INHUMANS Season 2,TV,13.0,23.0,MANGA,FALL,Action;Drama,,58.0,2026-10-04,JP
Aoashi 2nd Season,Aoashi Season 2,TV,24.0,24.0,MANGA,FALL,Sports,Football;Seinen;Male Protagonist;Ensemble Cast;Primarily Male Cast;Primarily Teen Cast,78.0,2026-10-04,JP
Ao no Hako Season 2,Blue Box Season 2,TV,12.0,24.0,MANGA,FALL,Romance;Slice of Life;Sports,Primarily Teen Cast;Heterosexual;School;Iyashikei;Badminton;Male Protagonist;Coming of Age;Athletics;School Club;Basketball,80.0,2026-10-04,JP
Kashita Maryoku wa [Revo Barai] de Kyousei Choushuu,"Magic Repo Man: Dumped by My Party, I’ll Cash In With a Cute Support Fairy to Become the Strongest!",TV,1.0,23.0,MANGA,FALL,Action;Adventure;Fantasy,Revenge;Magic;Fairy;Seinen;Economics;Bullying,60.0,2026-10-04,JP
Ranma 1/2 (2024) 3rd Season,Ranma1/2 (2024) Season 3,TV,1.0,24.0,MANGA,FALL,Action;Comedy;Romance,Gender Bending;Martial Arts;Shapeshifting;Arranged Marriage;Heterosexual;Love Triangle;School;Cohabitation;LGBTQ+ Themes;Shounen,76.0,2026-10-04,JP
Yuruyuru Zukan,,TV_SHORT,1.0,2.0,OTHER,FALL,,Educational;Dinosaurs;Kids;Flash,,2026-10-04,JP
Mahou no Shimai LuluttoLilly Part 2,,TV,1.0,23.0,ORIGINAL,FALL,Mahou Shoujo;Music,Magic;Primarily Child Cast;Primarily Female Cast;Urban Fantasy;Female Protagonist;Urban;Henshin;Primarily Teen Cast;Coming of Age;Kids,,2026-10-04,JP
TANK CHAIR: Sensha Isu,TANK CHAIR,TV,1.0,25.0,MANGA,FALL,Action;Sci-Fi,Disability;Full CGI;Rehabilitation;Dystopian;Assassins;Super Power;Shounen;Anthropomorphism;Gore;Body Horror,60.0,2026-10-04,JP
Hitozukiai ga Nigate na Miboujin no Yukionna-san to Noroi no Yubiwa,The Lonely Snow Widow and the Cursed Ring,ONA,1.0,7.0,OTHER,FALL,Hentai;Supernatural,Heterosexual;Interspecies;Youkai;Female Protagonist;Male Protagonist,61.0,2026-10-05,JP
"Mouse Cursor de Genjitsu wo Sousa Dekiru You ni Natta node, Onnanoko wo Ippai Click Shimasu","Now That I Can Control Reality With A Mouse Cursor, I'm Gonna Click Away On The Girls!",TV_SHORT,8.0,6.0,MANGA,FALL,Ecchi;Romance;Supernatural,Male Protagonist;School;Nudity,51.0,2026-10-05,JP
Kanojo no Tomodachi Mini Anime,My Girlfriend's Friend Mini Anime,TV_SHORT,12.0,12.0,MANGA,FALL,Drama;Ecchi;Romance,,,2026-10-05,JP
Yuusanchi! from Yuuhachi,,TV_SHORT,2.0,1.0,MANGA,FALL,Comedy;Slice of Life,Animals;Kids,,2026-10-05,JP
Kanata Kara,From Far Away,TV,1.0,,MANGA,FALL,Adventure;Fantasy;Romance,Isekai;Heterosexual;Shoujo;Female Protagonist;Language Barrier,63.0,2026-10-05,JP
Dark Summoner to Dekiteiru,I'm Dating a Dark Summoner,TV_SHORT,12.0,12.0,MANGA,FALL,Comedy;Ecchi;Fantasy;Romance,Heterosexual;Nudity;Large Breasts;Magic;Female Protagonist;Male Protagonist;Slapstick;Monster Girl;Interspecies;Primarily Female Cast,68.0,2026-10-05,JP
Tensei Goblin Dakedo Shitsumon Aru?,So What's Wrong with Getting Reborn as a Goblin?,ONA,2.0,24.0,MANGA,FALL,Action;Adventure;Comedy;Drama;Fantasy;Romance,Goblin;Isekai;Magic;Seinen,67.0,2026-10-05,JP
"Doumo, Suki na Hito ni Horegusuri wo Irai Sareta Majo desu.","Hello, I am a Witch and my Crush Wants me to Make a Love Potion!",TV,12.0,24.0,LIGHT_NOVEL,FALL,Fantasy;Romance,Witch;Female Protagonist;Josei;Heterosexual;Hikikomori;Medicine;Rural;Slapstick,69.0,2026-10-05,JP
PSYЯEN,PSYREN,TV,1.0,24.0,MANGA,FALL,Action;Adventure;Sci-Fi,Shounen;Death Game;Dystopian;Super Power;Isekai;Male Protagonist,71.0,2026-10-05,JP
Kanojo no Tomodachi,My Girlfriend's Friend,TV_SHORT,12.0,12.0,MANGA,FALL,Drama;Ecchi;Romance,Heterosexual;Netorare;Cheating;Female Protagonist;Nudity;Episodic;Seinen;Large Breasts;Male Protagonist;School,50.0,2026-10-05,JP
Choujun! Choujou Senpai,Super Psychic Policeman Chojo,TV,1.0,,,FALL,Comedy;Slice of Life,Police;Super Power;Primarily Adult Cast;Surreal Comedy;Shounen;Urban;Meta;Parody,64.0,2026-10-06,JP
Battle Spirits [Re] Zekkai No Ku,Battle Spirits [Re] Zekkai No Ku,TV,1.0,24.0,OTHER,FALL,Action;Fantasy,Card Battle;Male Protagonist,50.0,2026-10-06,JP
Shiotaiou no Satou-san ga Ore ni dake Amai,The Cold Sato-san is Only Sweet to Me,TV,12.0,24.0,LIGHT_NOVEL,FALL,Comedy;Romance,Heterosexual;Seinen;School;Primarily Teen Cast;Work;Food;Photography,68.0,2026-10-06,JP
Kyouran Reijou Nia Liston,Nia Liston: The Merciless Maiden,TV,25.0,24.0,LIGHT_NOVEL,FALL,Action;Fantasy,Female Protagonist;Age Regression;Magic;Maids;Seinen;Gender Bending;Swordplay;Ojou-sama;Acting;Martial Arts,74.0,2026-10-06,JP
Mahou Shoujo Ikusei Keikaku: restart,MAGICAL GIRL RAISING PROJECT restart,TV,1.0,24.0,LIGHT_NOVEL,FALL,Action;Fantasy;Mahou Shoujo;Thriller,Female Protagonist;Magic;Kuudere;Primarily Female Cast;Death Game;Battle Royale;Gore;Isekai,60.0,2026-10-06,JP
Sasaki to Pii-chan Season 2,Sasaki and Peeps Season 2,TV,12.0,24.0,LIGHT_NOVEL,FALL,Comedy;Fantasy;Mahou Shoujo,Urban Fantasy;Animals;Male Protagonist;Isekai;Yandere;Politics;Royal Affairs;Estranged Family;Language Barrier;Crossover,68.0,2026-10-07,JP
Magic Knight Rayearth (2026),Magic Knight Rayearth (2026),TV,1.0,,MANGA,FALL,Adventure;Fantasy;Mahou Shoujo;Mecha,Female Protagonist;Shoujo;Isekai;Tomboy;Magic;Super Power;Super Robot;Henshin;Medieval;Chibi,66.0,2026-10-07,JP
"Tantei wa mou, Shindeiru. Season 2",The Detective Is Already Dead Season 2,TV,13.0,,LIGHT_NOVEL,FALL,Comedy;Drama;Mystery;Romance;Supernatural,Heterosexual;Detective;Aliens;Dissociative Identities,73.0,2026-10-07,JP
"Tsuihou Sareta Cheat Fuyo Majutsushi wa Kimama na Second Life wo Ouka Suru.: Ore wa Buki dake ja Naku, Arayuru Mono ni ""Kyouka Point"" wo Fuyo Dekiru shi, Ore no Ishi de Itsudemo Kouka wo Kaijo Dekiru kedo, Nokotta Hitotachi Daijoubu?",The Laid-Off Cheat-Granting Mage Enjoys a Second Lease on Life,TV,1.0,24.0,MANGA,FALL,Adventure;Comedy;Fantasy;Slice of Life,Surreal Comedy;Urban Fantasy;Found Family;Magic;Chibi;Exiled;Male Protagonist;Slapstick;Shounen;Delinquents,73.0,2026-10-07,JP
"Sekai Saikyou no Majo, Hajimemashita",The World's Strongest Witch,TV,1.0,24.0,LIGHT_NOVEL,FALL,Action;Comedy;Fantasy,Female Protagonist;Virtual World;Travel;Primarily Female Cast;Meta;Magic;Parody;Cute Girls Doing Cute Things;Shounen;Gods,67.0,2026-10-07,JP
Kikansha no Mahou wa Tokubetsu desu 2nd Season,A Returner's Magic Should be Special Season 2,TV,1.0,,OTHER,FALL,Action;Adventure;Fantasy,Male Protagonist;Magic;CGI,69.0,2026-10-08,JP
Juuоu Mujin Dandivine,Dandivine,TV,1.0,,OTHER,FALL,Action;Mecha,Super Robot;Heterosexual;Kaiju;Male Protagonist;Primarily Teen Cast;Guns;Meta,51.0,2026-10-08,JP
Toaru Anbu no ITEM,A Certain Dark Item,TV,1.0,,LIGHT_NOVEL,FALL,Action;Sci-Fi,Primarily Female Cast;Urban Fantasy;Urban;Super Power;Human Experimentation;Crime;Dystopian;Anti-Hero,68.0,2026-10-09,JP
Hotaru no Yomeiri,Firefly Wedding,TV,12.0,23.0,MANGA,FALL,Drama;Romance,Yandere;Josei;Assassins;Heterosexual;Prostitution;Historical;Gore;Disability;Female Protagonist;Primarily Adult Cast,74.0,2026-10-09,JP
Hyouken no Majutsushi ga Sekai wo Suberu II,The Iceblade Sorcerer Shall Rule the World II,TV,1.0,,LIGHT_NOVEL,FALL,Action;Adventure;Fantasy,Magic;School;Swordplay;Crossdressing;Class Struggle,67.0,2026-10-09,JP
Duel Masters LOST: Danzai no Shounen,,ONA,4.0,,MANGA,FALL,Adventure;Supernatural,,,2026-10-09,JP
Tetsuryou! meet with Tetsudou Musume,TETSURYO! Meet With Tetsudou Musume,TV,12.0,,ORIGINAL,FALL,Slice of Life,Trains;Cute Girls Doing Cute Things;Iyashikei;Female Protagonist;School Club;Travel;Primarily Female Cast;Primarily Adult Cast;College,59.0,2026-10-09,JP
Kyoufu Collector,HORROR COLLECTOR,TV,12.0,,OTHER,FALL,Horror;Mystery;Supernatural,Youkai;Urban Fantasy,,2026-10-10,JP
Shuiro no Kamen,The Vermilion Mask,TV,1.0,,MANGA,FALL,Action;Drama;Supernatural,Seinen;Curses;Magic;Male Protagonist,,2026-10-10,JP
Diamond no Ace act II: Second Season Part 2,Ace of the Diamond act II -Second Season-,TV,1.0,,MANGA,FALL,Sports,Baseball;Male Protagonist;Primarily Male Cast;School Club;Shounen;Primarily Teen Cast,,2026-10-11,JP
Dragon Ball Super: Beerus,Dragon Ball Super: Beerus,TV,1.0,,OTHER,FALL,Action;Adventure;Sci-Fi,Super Power;Martial Arts;Gods;Shounen;Male Protagonist;Henshin;Aliens;Space;Angels,,2026-10-11,JP
Shinja Zero no Megami-sama to Hajimeru Isekai Kouryaku,Full Clearing Another World under a Goddess with Zero Believers,TV,1.0,,LIGHT_NOVEL,FALL,Adventure;Fantasy,Gods;Isekai;Male Protagonist;Magic;Seinen,,2026-10-11,JP
Yozakura-san Chi no Daisakusen 2nd Season Part 2,Mission: Yozakura Family Season 2 Part 2,TV,1.0,,MANGA,FALL,Action;Comedy;Romance,Espionage;Shounen;Guns;Male Protagonist;Female Protagonist;Family Life,,2026-10-11,JP
Chitose-kun wa Ramune Bin no Naka Part 2,Chitose Is in the Ramune Bottle 2nd Cour,TV,1.0,,LIGHT_NOVEL,FALL,Comedy;Romance,Female Harem;Primarily Female Cast;Primarily Teen Cast;School;Male Protagonist;Heterosexual;Philosophy;Female Protagonist,,2026-10-13,JP
DARK MACHINE: The Animation,DARK MACHINE THE ANIMATION,TV,11.0,,OTHER,FALL,Mecha;Sci-Fi,CGI;Super Robot,,2026-10-14,JP
Seishun Buta Yarou wa Dear Friend no Yume wo Minai,Rascal Does Not Dream of a Dear Friend,MOVIE,1.0,118.0,LIGHT_NOVEL,FALL,Drama;Psychological;Romance;Supernatural,Male Protagonist;Female Protagonist;Heterosexual;College;Memory Manipulation;Coming of Age;Primarily Adult Cast;Urban,,2026-10-16,JP
BanG Dream! Ave Mujica: prima aurora,,MOVIE,1.0,,OTHER,FALL,Drama;Music,Band;Female Protagonist;Primarily Female Cast;Rock Music;Primarily Teen Cast;Metal Music;Yuri,,2026-10-16,JP
Cyberpunk: Edgerunners 2,Cyberpunk: Edgerunners 2,ONA,10.0,,VIDEO_GAME,FALL,Action;Drama;Sci-Fi,Cyberpunk;Cyborg;Urban;Dystopian;Crime;Guns;Gore,,2026-10-20,JP
GelPiyo 2,,TV_SHORT,1.0,5.0,OTHER,FALL,Comedy,,,2026-10-21,JP
Maebashi Witches: Majo Minarai no Emoemories,,MOVIE,1.0,,ORIGINAL,FALL,Drama;Mahou Shoujo;Music;Supernatural,Female Protagonist;Idol;Primarily Female Cast;Witch;Primarily Teen Cast;Urban;Urban Fantasy,,2026-10-23,JP
Made in Abyss: Mezameru Shinpi,,MOVIE,1.0,,MANGA,FALL,Adventure;Drama;Fantasy;Horror;Mystery;Sci-Fi,Travel;Survival;Chibi;Curses;Seinen;Primarily Child Cast;Gore;Monster Girl;Female Protagonist;Male Protagonist,,2026-10-23,JP
Hitori Tsuma,,OVA,1.0,,ORIGINAL,FALL,Hentai,,,2026-10-30,JP
GROTESQQQUE,,MOVIE,3.0,,ORIGINAL,FALL,Action;Comedy;Drama;Sci-Fi;Slice of Life;Supernatural,Gyaru;Vampire;Aliens;Anthology;Video Games;Monster Girl;Battle Royale;Found Family;LGBTQ+ Themes;Virtual World,,2026-11-06,JP
Demons' Crest,Devils' Crest,TV,1.0,,LIGHT_NOVEL,FALL,Action;Adventure;Fantasy,Video Games;Male Protagonist;Death Game;Female Protagonist;Urban Fantasy,,2026-11-06,JP
Cardfight!! Vanguard Divinez Unmei Seisen-hen,CARDFIGHT!! VANGUARD Divinez: Parallactic Fate,TV,3.0,,ORIGINAL,FALL,Action;Adventure;Fantasy,,,2026-11-07,JP
Rakuen Tsuihou: Kokoro no Resonance,,MOVIE,1.0,,ORIGINAL,FALL,Action;Mecha;Sci-Fi,Full CGI;Robots,,2026-11-13,JP
Mahoutsukai no Yoru,Witch on the Holy Night,MOVIE,1.0,,VISUAL_NOVEL,FALL,Action;Drama;Fantasy,Magic;Urban Fantasy;Witch;Urban;Female Protagonist;Kuudere;Fairy Tale;School;Ensemble Cast;Male Protagonist,,2026-11-20,JP
Soukou Kihei Votoms: Haiiro no Hexe,,MOVIE,1.0,,ORIGINAL,FALL,Mecha;Sci-Fi,Real Robot,,2026-11-20,JP
Fool Night,Fool Night,ONA,1.0,,MANGA,FALL,Drama;Psychological;Sci-Fi;Thriller,Class Struggle;Seinen;Eco-Horror;Primarily Adult Cast;Body Horror;Dystopian;Urban Fantasy;Post-Apocalyptic;Suicide;Urban,,2026-11-26,JP
Ochiru Part Tsuma - Toshishita Otoko to no Jouji ni Oboreta Hate ni...,,OVA,1.0,,VISUAL_NOVEL,FALL,Hentai,,,2026-11-27,JP
Otonari no Nie,,OVA,1.0,,OTHER,FALL,Hentai,,,2026-11-27,JP
"Takopii no Genzai: Arigatou, Mata Ashita",,MOVIE,1.0,,MANGA,FALL,Drama;Psychological;Sci-Fi,Denpa;Bullying;Philosophy;School;Aliens;Shapeshifting;Primarily Child Cast;Female Protagonist;Rural;Ensemble Cast,,2026-11-27,JP
Majime na Kimi ni Hamaru Karada THE ANIMATION,,OVA,1.0,30.0,OTHER,FALL,Hentai,,,2026-11-27,JP
Norman the Snowman: Kodomo-tachi no Hitotsuboshi,,MOVIE,1.0,,ORIGINAL,FALL,Fantasy,,,2026-12-01,JP
Futanari Jinja wa Otome Ochinpo Soudansho,,OVA,1.0,,MANGA,FALL,Hentai,Futanari;LGBTQ+ Themes;Yuri;Threesome,,2026-12-04,JP
Hitozuma to Netorare Ryokou,,OVA,1.0,,OTHER,FALL,Hentai,,,2026-12-11,JP
Kusuriya no Hitorigoto: Bouhi no Hihou,The Apothecary Diaries: The Late Lady’s Treasure,MOVIE,1.0,,ORIGINAL,FALL,Drama;Mystery,Female Protagonist;Medicine;Politics;Seinen;Ancient China;Historical,,2026-12-11,JP
Gals Fiction THE ANIMATION,,OVA,1.0,,VISUAL_NOVEL,FALL,Hentai,Gyaru,,2026-12-18,JP
Kajitsu The Animation,,OVA,1.0,20.0,OTHER,FALL,Hentai,,,2026-12-25,JP
Akuryou Taisan! Onegai! Shikigami-sama,,OVA,1.0,,OTHER,FALL,Fantasy;Hentai,,,2026-12-25,JP
Anemone,,OVA,1.0,,ORIGINAL,FALL,Hentai,,,2026-12-25,JP
